gene,coverage
"ENSG00000226492",92.27692307692307
"ENSG00000041802",67.35714285714361
        